run_id,workflow_name,branch,event,status,conclusion,run_attempt,created_at,updated_at,duration_seconds
33196699471,Deploy to GitHub Pages,master,push,completed,success,1,2026-08-28 17:52:35+00:00,2026-08-28 17:53:12+00:00,37.0
31820789601,Deploy to GitHub Pages,master,push,completed,success,1,2026-08-14 16:44:57+00:00,2026-08-14 16:45:32+00:00,35.0
31818884005,Deploy to GitHub Pages,master,push,completed,success,1,2026-08-14 16:20:44+00:00,2026-08-14 16:21:17+00:00,33.0
31818163882,Deploy to GitHub Pages,master,push,completed,success,1,2026-08-14 16:11:37+00:00,2026-08-14 16:12:07+00:00,30.0
30786797766,Deploy to GitHub Pages,master,push,completed,success,1,2026-08-03 05:18:30+00:00,2026-08-03 05:19:02+00:00,32.0
30786518892,Deploy to GitHub Pages,master,push,completed,success,1,2026-08-03 05:12:53+00:00,2026-08-03 05:13:26+00:00,33.0
30786185840,Deploy to GitHub Pages,master,workflow_dispatch,completed,success,1,2026-08-03 05:06:06+00:00,2026-08-03 05:06:40+00:00,34.0
30785835156,Deploy to GitHub Pages,master,workflow_dispatch,completed,success,3,2026-08-03 04:58:04+00:00,2026-08-03 05:02:45+00:00,281.0
30785702234,Deploy to GitHub Pages,master,push,completed,failure,3,2026-08-03 04:54:58+00:00,2026-08-03 04:57:06+00:00,128.0
30785027958,Deploy to GitHub Pages,master,push,completed,success,1,2026-08-03 04:39:31+00:00,2026-08-03 04:40:04+00:00,33.0
30784713365,pages build and deployment,master,dynamic,completed,success,1,2026-08-03 04:32:20+00:00,2026-08-03 04:33:03+00:00,43.0
30784242139,Deploy to GitHub Pages,master,push,completed,failure,1,2026-08-03 04:22:20+00:00,2026-08-03 04:22:52+00:00,32.0
