run_id,workflow_name,branch,event,status,conclusion,run_attempt,created_at,updated_at,duration_seconds,true_label,synthetic_kind
210,ci,main,push,completed,success,1,2026-02-04 20:00:00,2026-02-04 20:01:56.212239985,116.2,normal,normal
281,ci,main,push,completed,success,1,2026-02-16 16:00:00,2026-02-16 16:02:02.579404987,122.6,normal,normal
34,ci,main,push,completed,success,1,2026-01-06 12:00:00,2026-01-06 12:02:02.966851229,123.0,normal,normal
211,ci,main,push,completed,success,1,2026-02-05 00:00:00,2026-02-05 00:02:05.451815068,125.5,normal,normal
94,ci,main,push,completed,success,1,2026-01-16 12:00:00,2026-01-16 12:01:54.911122742,114.9,normal,normal
85,ci,main,push,completed,success,1,2026-01-15 00:00:00,2026-01-15 00:01:55.602126200,115.6,normal,normal
330,ci,main,push,completed,success,1,2026-02-24 20:00:00,2026-02-24 20:02:22.475616604,142.5,normal,normal
95,ci,main,push,completed,success,1,2026-01-16 16:00:00,2026-01-16 16:02:15.957772991,136.0,normal,normal
267,ci,main,push,completed,success,1,2026-02-14 08:00:00,2026-02-14 08:01:23.808295036,83.8,normal,normal
127,ci,main,push,completed,success,1,2026-01-22 00:00:00,2026-01-22 00:01:15.532067431,75.5,normal,normal
10,ci,main,push,completed,success,1,2026-01-02 12:00:00,2026-01-02 12:02:10.529304393,130.5,normal,normal
362,ci,main,push,completed,success,1,2026-03-02 04:00:00,2026-03-02 04:01:41.761636138,101.8,normal,normal
57,ci,main,push,completed,success,1,2026-01-10 08:00:00,2026-01-10 08:01:50.185750850,110.2,normal,normal
73,ci,main,push,completed,success,1,2026-01-13 00:00:00,2026-01-13 00:02:01.040717027,121.0,normal,normal
133,ci,main,push,completed,success,1,2026-01-23 00:00:00,2026-01-23 00:02:06.976203143,127.0,normal,normal
43,ci,main,push,completed,success,1,2026-01-08 00:00:00,2026-01-08 00:01:46.677992194,106.7,normal,normal
279,ci,main,push,completed,success,1,2026-02-16 08:00:00,2026-02-16 08:02:10.487950975,130.5,normal,normal
377,ci,main,push,completed,success,2,2026-03-04 16:00:00,2026-03-04 16:02:43.636332386,163.6,anomaly,flaky
232,ci,main,push,completed,success,1,2026-02-08 12:00:00,2026-02-08 12:02:12.189019316,132.2,normal,normal
386,ci,main,push,completed,failure,1,2026-03-06 04:00:00,2026-03-06 04:02:23.212847434,143.2,anomaly,regression
78,ci,main,push,completed,success,1,2026-01-13 20:00:00,2026-01-13 20:01:59.612057281,119.6,normal,normal
16,ci,main,push,completed,success,1,2026-01-03 12:00:00,2026-01-03 12:01:49.429901057,109.4,normal,normal
392,ci,main,push,completed,success,1,2026-03-07 04:00:00,2026-03-07 04:02:17.815876399,137.8,normal,normal
272,ci,main,push,completed,success,1,2026-02-15 04:00:00,2026-02-15 04:01:55.342740357,115.3,normal,normal
1,ci,main,push,completed,success,1,2026-01-01 00:00:00,2026-01-01 00:02:06.594549090,126.6,normal,normal
397,ci,main,push,completed,success,1,2026-03-08 00:00:00,2026-03-08 00:02:26.963917837,147.0,normal,normal
115,ci,main,push,completed,success,1,2026-01-20 00:00:00,2026-01-20 00:01:55.706268997,115.7,normal,normal
226,ci,main,push,completed,success,2,2026-02-07 12:00:00,2026-02-07 12:02:18.850912484,138.9,anomaly,flaky
263,ci,main,push,completed,success,1,2026-02-13 16:00:00,2026-02-13 16:01:53.825425167,113.8,normal,normal
105,ci,main,push,completed,success,1,2026-01-18 08:00:00,2026-01-18 08:02:08.711656430,128.7,normal,normal
396,ci,main,push,completed,success,1,2026-03-07 20:00:00,2026-03-07 20:02:13.962573395,134.0,normal,normal
194,ci,main,push,completed,success,1,2026-02-02 04:00:00,2026-02-02 04:01:48.516970838,108.5,normal,normal
262,ci,main,push,completed,success,1,2026-02-13 12:00:00,2026-02-13 12:01:51.998214793,112.0,normal,normal
58,ci,main,push,completed,success,1,2026-01-10 12:00:00,2026-01-10 12:02:06.418356610,126.4,normal,normal
233,ci,main,push,completed,failure,1,2026-02-08 16:00:00,2026-02-08 16:10:37.932722245,637.9,anomaly,infra_spike
117,ci,main,push,completed,success,1,2026-01-20 08:00:00,2026-01-20 08:01:55.369904167,115.4,normal,normal
114,ci,main,push,completed,success,1,2026-01-19 20:00:00,2026-01-19 20:02:05.497971109,125.5,normal,normal
343,ci,main,push,completed,success,1,2026-02-27 00:00:00,2026-02-27 00:01:46.272658262,106.3,normal,normal
159,ci,main,push,completed,success,1,2026-01-27 08:00:00,2026-01-27 08:02:06.785009260,126.8,normal,normal
142,ci,main,push,completed,success,1,2026-01-24 12:00:00,2026-01-24 12:01:49.674415767,109.7,normal,normal
382,ci,main,push,completed,success,2,2026-03-05 12:00:00,2026-03-05 12:02:44.579906818,164.6,anomaly,flaky
56,ci,main,push,completed,success,1,2026-01-10 04:00:00,2026-01-10 04:01:43.953713831,104.0,normal,normal
77,ci,main,push,completed,success,1,2026-01-13 16:00:00,2026-01-13 16:02:04.996055589,125.0,normal,normal
26,ci,main,push,completed,success,1,2026-01-05 04:00:00,2026-01-05 04:01:30.104094434,90.1,normal,normal
83,ci,main,push,completed,success,1,2026-01-14 16:00:00,2026-01-14 16:01:43.239238305,103.2,normal,normal
383,ci,main,push,completed,success,1,2026-03-05 16:00:00,2026-03-05 16:02:04.172155897,124.2,normal,normal
149,ci,main,push,completed,success,1,2026-01-25 16:00:00,2026-01-25 16:01:57.129840199,117.1,normal,normal
182,ci,main,push,completed,success,1,2026-01-31 04:00:00,2026-01-31 04:02:04.446270012,124.4,normal,normal
23,ci,main,push,completed,failure,1,2026-01-04 16:00:00,2026-01-04 16:13:13.099666741,793.1,anomaly,infra_spike
174,ci,main,push,completed,success,2,2026-01-29 20:00:00,2026-01-29 20:01:51.582992044,111.6,anomaly,flaky
47,ci,main,push,completed,success,1,2026-01-08 16:00:00,2026-01-08 16:01:39.267277268,99.3,normal,normal
322,ci,main,push,completed,success,1,2026-02-23 12:00:00,2026-02-23 12:01:57.496081048,117.5,normal,normal
339,ci,main,push,completed,success,1,2026-02-26 08:00:00,2026-02-26 08:01:25.194659814,85.2,normal,normal
71,ci,main,push,completed,success,1,2026-01-12 16:00:00,2026-01-12 16:02:29.265188402,149.3,normal,normal
375,ci,main,push,completed,success,1,2026-03-04 08:00:00,2026-03-04 08:01:42.897586213,102.9,normal,normal
40,ci,main,push,completed,success,1,2026-01-07 12:00:00,2026-01-07 12:01:47.439026643,107.4,normal,normal
224,ci,main,push,completed,success,1,2026-02-07 04:00:00,2026-02-07 04:08:33.315883788,513.3,anomaly,infra_spike
173,ci,main,push,completed,success,1,2026-01-29 16:00:00,2026-01-29 16:01:57.612226929,117.6,normal,normal
31,ci,main,push,completed,success,1,2026-01-06 00:00:00,2026-01-06 00:02:11.241508496,131.2,normal,normal
153,ci,main,push,completed,success,1,2026-01-26 08:00:00,2026-01-26 08:02:01.972287252,122.0,normal,normal
125,ci,main,push,completed,success,1,2026-01-21 16:00:00,2026-01-21 16:01:49.207796501,109.2,normal,normal
295,ci,main,push,completed,success,1,2026-02-19 00:00:00,2026-02-19 00:01:46.964291282,107.0,normal,normal
256,ci,main,push,completed,success,1,2026-02-12 12:00:00,2026-02-12 12:02:21.767682735,141.8,normal,normal
79,ci,main,push,completed,success,1,2026-01-14 00:00:00,2026-01-14 00:02:04.708623172,124.7,normal,normal
102,ci,main,push,completed,success,1,2026-01-17 20:00:00,2026-01-17 20:02:21.498217599,141.5,normal,normal
32,ci,main,push,completed,success,1,2026-01-06 04:00:00,2026-01-06 04:12:44.996947551,765.0,anomaly,infra_spike
353,ci,main,push,completed,success,1,2026-02-28 16:00:00,2026-02-28 16:02:08.378234389,128.4,normal,normal
269,ci,main,push,completed,success,1,2026-02-14 16:00:00,2026-02-14 16:02:38.239919289,158.2,normal,normal
395,ci,main,push,completed,success,1,2026-03-07 16:00:00,2026-03-07 16:02:01.485522315,121.5,normal,normal
74,ci,main,push,completed,success,1,2026-01-13 04:00:00,2026-01-13 04:02:02.402858900,122.4,normal,normal
321,ci,main,push,completed,failure,2,2026-02-23 08:00:00,2026-02-23 08:01:34.327777406,94.3,anomaly,flaky
141,ci,main,push,completed,success,1,2026-01-24 08:00:00,2026-01-24 08:02:10.024890272,130.0,normal,normal
6,ci,main,push,completed,success,1,2026-01-01 20:00:00,2026-01-01 20:10:56.892005155,656.9,anomaly,infra_spike
46,ci,main,push,completed,success,1,2026-01-08 12:00:00,2026-01-08 12:02:25.811547467,145.8,normal,normal
389,ci,main,push,completed,success,1,2026-03-06 16:00:00,2026-03-06 16:01:35.701920084,95.7,normal,normal
247,ci,main,push,completed,success,1,2026-02-11 00:00:00,2026-02-11 00:01:44.485379225,104.5,normal,normal
228,ci,main,push,completed,success,1,2026-02-07 20:00:00,2026-02-07 20:01:35.223612777,95.2,normal,normal
370,ci,main,push,completed,success,1,2026-03-03 12:00:00,2026-03-03 12:01:37.550419651,97.6,normal,normal
177,ci,main,push,completed,success,1,2026-01-30 08:00:00,2026-01-30 08:02:10.602744613,130.6,normal,normal
290,ci,main,push,completed,success,1,2026-02-18 04:00:00,2026-02-18 04:02:25.018314167,145.0,normal,normal
4,ci,main,push,completed,success,1,2026-01-01 12:00:00,2026-01-01 12:01:38.808511742,98.8,normal,normal
19,ci,main,push,completed,success,1,2026-01-04 00:00:00,2026-01-04 00:02:12.307927131,132.3,normal,normal
203,ci,main,push,completed,success,1,2026-02-03 16:00:00,2026-02-03 16:01:58.980296160,119.0,normal,normal
251,ci,main,push,completed,success,1,2026-02-11 16:00:00,2026-02-11 16:01:47.901016435,107.9,normal,normal
275,ci,main,push,completed,success,1,2026-02-15 16:00:00,2026-02-15 16:01:43.299179371,103.3,normal,normal
64,ci,main,push,completed,success,1,2026-01-11 12:00:00,2026-01-11 12:01:37.847132747,97.8,normal,normal
249,ci,main,push,completed,success,1,2026-02-11 08:00:00,2026-02-11 08:01:38.643983469,98.6,normal,normal
302,ci,main,push,completed,success,1,2026-02-20 04:00:00,2026-02-20 04:01:59.736557603,119.7,normal,normal
109,ci,main,push,completed,success,1,2026-01-19 00:00:00,2026-01-19 00:02:06.454520384,126.5,normal,normal
91,ci,main,push,completed,success,1,2026-01-16 00:00:00,2026-01-16 00:01:55.734542429,115.7,normal,normal
234,ci,main,push,completed,success,1,2026-02-08 20:00:00,2026-02-08 20:02:03.624895797,123.6,normal,normal
336,ci,main,push,completed,success,1,2026-02-25 20:00:00,2026-02-25 20:01:26.223340641,86.2,normal,normal
119,ci,main,push,completed,success,1,2026-01-20 16:00:00,2026-01-20 16:01:32.528908736,92.5,normal,normal
221,ci,main,push,completed,success,1,2026-02-06 16:00:00,2026-02-06 16:02:03.531725525,123.5,normal,normal
181,ci,main,push,completed,success,1,2026-01-31 00:00:00,2026-01-31 00:02:08.348001641,128.3,normal,normal
315,ci,main,push,completed,success,1,2026-02-22 08:00:00,2026-02-22 08:02:12.537118445,132.5,normal,normal
374,ci,main,push,completed,success,1,2026-03-04 04:00:00,2026-03-04 04:02:11.509758607,131.5,normal,normal
381,ci,main,push,completed,success,1,2026-03-05 08:00:00,2026-03-05 08:01:57.184935136,117.2,normal,normal
240,ci,main,push,completed,success,1,2026-02-09 20:00:00,2026-02-09 20:01:50.586186953,110.6,normal,normal
76,ci,main,push,completed,success,1,2026-01-13 12:00:00,2026-01-13 12:01:47.315084508,107.3,normal,normal
248,ci,main,push,completed,success,1,2026-02-11 04:00:00,2026-02-11 04:02:03.529141674,123.5,normal,normal
111,ci,main,push,completed,success,1,2026-01-19 08:00:00,2026-01-19 08:01:47.226942162,107.2,normal,normal
17,ci,main,push,completed,success,1,2026-01-03 16:00:00,2026-01-03 16:01:57.305828793,117.3,normal,normal
67,ci,main,push,completed,success,1,2026-01-12 00:00:00,2026-01-12 00:02:16.718886669,136.7,normal,normal
154,ci,main,push,completed,success,1,2026-01-26 12:00:00,2026-01-26 12:02:03.873432350,123.9,normal,normal
8,ci,main,push,completed,success,1,2026-01-02 04:00:00,2026-01-02 04:01:52.923359495,112.9,normal,normal
20,ci,main,push,completed,success,1,2026-01-04 04:00:00,2026-01-04 04:01:54.093882417,114.1,normal,normal
138,ci,main,push,completed,success,1,2026-01-23 20:00:00,2026-01-23 20:01:58.708490223,118.7,normal,normal
356,ci,main,push,completed,success,1,2026-03-01 04:00:00,2026-03-01 04:01:59.795298123,119.8,normal,normal
350,ci,main,push,completed,success,1,2026-02-28 04:00:00,2026-02-28 04:02:15.737604322,135.7,normal,normal
132,ci,main,push,completed,success,2,2026-01-22 20:00:00,2026-01-22 20:02:50.975113017,171.0,anomaly,flaky
388,ci,main,push,completed,success,1,2026-03-06 12:00:00,2026-03-06 12:10:46.717925146,646.7,anomaly,infra_spike
293,ci,main,push,completed,success,2,2026-02-18 16:00:00,2026-02-18 16:02:24.800284726,144.8,anomaly,flaky
387,ci,main,push,completed,success,1,2026-03-06 08:00:00,2026-03-06 08:02:12.105124229,132.1,normal,normal
298,ci,main,push,completed,success,1,2026-02-19 12:00:00,2026-02-19 12:02:02.660941720,122.7,normal,normal
61,ci,main,push,completed,success,1,2026-01-11 00:00:00,2026-01-11 00:02:05.428827809,125.4,normal,normal
80,ci,main,push,completed,success,1,2026-01-14 04:00:00,2026-01-14 04:01:47.499467911,107.5,normal,normal
286,ci,main,push,completed,success,1,2026-02-17 12:00:00,2026-02-17 12:02:02.465860545,122.5,normal,normal
306,ci,main,push,completed,success,1,2026-02-20 20:00:00,2026-02-20 20:01:34.415216760,94.4,normal,normal
282,ci,main,push,completed,success,1,2026-02-16 20:00:00,2026-02-16 20:01:54.940122569,114.9,normal,normal
158,ci,main,push,completed,success,1,2026-01-27 04:00:00,2026-01-27 04:01:53.271536880,113.3,normal,normal
110,ci,main,push,completed,success,2,2026-01-19 04:00:00,2026-01-19 04:01:49.698641885,109.7,anomaly,flaky
18,ci,main,push,completed,success,1,2026-01-03 20:00:00,2026-01-03 20:02:02.951641450,123.0,normal,normal
348,ci,main,push,completed,success,1,2026-02-27 20:00:00,2026-02-27 20:01:44.537794196,104.5,normal,normal
25,ci,main,push,completed,success,1,2026-01-05 00:00:00,2026-01-05 00:02:12.442785630,132.4,normal,normal
176,ci,main,push,completed,success,1,2026-01-30 04:00:00,2026-01-30 04:01:44.871959371,104.9,normal,normal
352,ci,main,push,completed,success,1,2026-02-28 12:00:00,2026-02-28 12:01:46.341376741,106.3,normal,normal
333,ci,main,push,completed,success,1,2026-02-25 08:00:00,2026-02-25 08:02:04.711158358,124.7,normal,normal
168,ci,main,push,completed,success,1,2026-01-28 20:00:00,2026-01-28 20:01:47.606558005,107.6,normal,normal
246,ci,main,push,completed,success,1,2026-02-10 20:00:00,2026-02-10 20:02:08.070516599,128.1,normal,normal
312,ci,main,push,completed,success,1,2026-02-21 20:00:00,2026-02-21 20:02:04.085546329,124.1,normal,normal
146,ci,main,push,completed,success,1,2026-01-25 04:00:00,2026-01-25 04:01:45.447757205,105.4,normal,normal
259,ci,main,push,completed,success,1,2026-02-13 00:00:00,2026-02-13 00:02:04.033701715,124.0,normal,normal
178,ci,main,push,completed,failure,1,2026-01-30 12:00:00,2026-01-30 12:02:03.235837169,123.2,anomaly,regression
120,ci,main,push,completed,success,1,2026-01-20 20:00:00,2026-01-20 20:01:54.965889478,115.0,normal,normal
195,ci,main,push,completed,success,1,2026-02-02 08:00:00,2026-02-02 08:02:13.502768460,133.5,normal,normal
230,ci,main,push,completed,success,1,2026-02-08 04:00:00,2026-02-08 04:01:53.645900903,113.6,normal,normal
266,ci,main,push,completed,success,1,2026-02-14 04:00:00,2026-02-14 04:01:44.391209212,104.4,normal,normal
219,ci,main,push,completed,failure,2,2026-02-06 08:00:00,2026-02-06 08:02:22.792528190,142.8,anomaly,flaky
308,ci,main,push,completed,success,1,2026-02-21 04:00:00,2026-02-21 04:02:07.231002533,127.2,normal,normal
37,ci,main,push,completed,success,1,2026-01-07 00:00:00,2026-01-07 00:01:58.962930979,119.0,normal,normal
140,ci,main,push,completed,success,1,2026-01-24 04:00:00,2026-01-24 04:02:05.169678394,125.2,normal,normal
292,ci,main,push,completed,success,1,2026-02-18 12:00:00,2026-02-18 12:02:08.808887502,128.8,normal,normal
156,ci,main,push,completed,success,1,2026-01-26 20:00:00,2026-01-26 20:01:54.573442838,114.6,normal,normal
197,ci,main,push,completed,success,1,2026-02-02 16:00:00,2026-02-02 16:01:57.605275389,117.6,normal,normal
285,ci,main,push,completed,success,1,2026-02-17 08:00:00,2026-02-17 08:01:34.039925917,94.0,normal,normal
60,ci,main,push,completed,success,1,2026-01-10 20:00:00,2026-01-10 20:02:04.929930034,124.9,normal,normal
112,ci,main,push,completed,success,1,2026-01-19 12:00:00,2026-01-19 12:02:09.983778545,130.0,normal,normal
166,ci,main,push,completed,success,1,2026-01-28 12:00:00,2026-01-28 12:01:48.201513373,108.2,normal,normal
364,ci,main,push,completed,success,1,2026-03-02 12:00:00,2026-03-02 12:02:10.286235529,130.3,normal,normal
7,ci,main,push,completed,success,1,2026-01-02 00:00:00,2026-01-02 00:02:00.815303781,120.8,normal,normal
334,ci,main,push,completed,success,1,2026-02-25 12:00:00,2026-02-25 12:01:56.313577500,116.3,normal,normal
276,ci,main,push,completed,success,1,2026-02-15 20:00:00,2026-02-15 20:02:08.693417137,128.7,normal,normal
151,ci,main,push,completed,success,1,2026-01-26 00:00:00,2026-01-26 00:01:53.361964322,113.4,normal,normal
11,ci,main,push,completed,success,1,2026-01-02 16:00:00,2026-01-02 16:02:02.073621481,122.1,normal,normal
193,ci,main,push,completed,success,1,2026-02-02 00:00:00,2026-02-02 00:02:00.767130878,120.8,normal,normal
104,ci,main,push,completed,success,1,2026-01-18 04:00:00,2026-01-18 04:06:53.369118171,413.4,anomaly,infra_spike
82,ci,main,push,completed,success,1,2026-01-14 12:00:00,2026-01-14 12:01:28.905248460,88.9,normal,normal
317,ci,main,push,completed,success,1,2026-02-22 16:00:00,2026-02-22 16:02:35.739034240,155.7,normal,normal
399,ci,main,push,completed,success,1,2026-03-08 08:00:00,2026-03-08 08:01:54.424249551,114.4,normal,normal
376,ci,main,push,completed,success,1,2026-03-04 12:00:00,2026-03-04 12:01:43.206961871,103.2,normal,normal
209,ci,main,push,completed,success,1,2026-02-04 16:00:00,2026-02-04 16:02:18.719249776,138.7,normal,normal
287,ci,main,push,completed,success,1,2026-02-17 16:00:00,2026-02-17 16:01:54.143040758,114.1,normal,normal
169,ci,main,push,completed,success,1,2026-01-29 00:00:00,2026-01-29 00:02:03.714988517,123.7,normal,normal
354,ci,main,push,completed,success,1,2026-02-28 20:00:00,2026-02-28 20:01:56.676958264,116.7,normal,normal
90,ci,main,push,completed,success,1,2026-01-15 20:00:00,2026-01-15 20:01:53.893826455,113.9,normal,normal
378,ci,main,push,completed,success,1,2026-03-04 20:00:00,2026-03-04 20:02:06.717205751,126.7,normal,normal
164,ci,main,push,completed,success,1,2026-01-28 04:00:00,2026-01-28 04:02:17.217189911,137.2,normal,normal
148,ci,main,push,completed,success,1,2026-01-25 12:00:00,2026-01-25 12:02:20.036765045,140.0,normal,normal
229,ci,main,push,completed,success,1,2026-02-08 00:00:00,2026-02-08 00:01:40.783961897,100.8,normal,normal
93,ci,main,push,completed,success,1,2026-01-16 08:00:00,2026-01-16 08:02:09.287566755,129.3,normal,normal
70,ci,main,push,completed,success,1,2026-01-12 12:00:00,2026-01-12 12:02:05.231638411,125.2,normal,normal
124,ci,main,push,completed,success,1,2026-01-21 12:00:00,2026-01-21 12:02:13.427774730,133.4,normal,normal
97,ci,main,push,completed,success,1,2026-01-17 00:00:00,2026-01-17 00:02:00.095085935,120.1,normal,normal
144,ci,main,push,completed,success,1,2026-01-24 20:00:00,2026-01-24 20:02:13.467231126,133.5,normal,normal
327,ci,main,push,completed,success,1,2026-02-24 08:00:00,2026-02-24 08:01:53.468887906,113.5,normal,normal
98,ci,main,push,completed,success,1,2026-01-17 04:00:00,2026-01-17 04:02:38.965105899,159.0,normal,normal
239,ci,main,push,completed,success,1,2026-02-09 16:00:00,2026-02-09 16:02:19.116708254,139.1,normal,normal
69,ci,main,push,completed,success,1,2026-01-12 08:00:00,2026-01-12 08:01:58.032937046,118.0,normal,normal
24,ci,main,push,completed,success,1,2026-01-04 20:00:00,2026-01-04 20:01:58.236867490,118.2,normal,normal
38,ci,main,push,completed,success,1,2026-01-07 04:00:00,2026-01-07 04:02:20.303788344,140.3,normal,normal
145,ci,main,push,completed,success,1,2026-01-25 00:00:00,2026-01-25 00:02:24.434054214,144.4,normal,normal
123,ci,main,push,completed,success,1,2026-01-21 08:00:00,2026-01-21 08:02:20.457933447,140.5,normal,normal
183,ci,main,push,completed,success,1,2026-01-31 08:00:00,2026-01-31 08:02:30.526099541,150.5,normal,normal
68,ci,main,push,completed,success,1,2026-01-12 04:00:00,2026-01-12 04:02:05.750656698,125.8,normal,normal
199,ci,main,push,completed,success,1,2026-02-03 00:00:00,2026-02-03 00:02:08.226418812,128.2,normal,normal
325,ci,main,push,completed,success,1,2026-02-24 00:00:00,2026-02-24 00:02:18.775875128,138.8,normal,normal
220,ci,main,push,completed,success,1,2026-02-06 12:00:00,2026-02-06 12:01:47.438048939,107.4,normal,normal
318,ci,main,push,completed,success,1,2026-02-22 20:00:00,2026-02-22 20:02:06.302828981,126.3,normal,normal
196,ci,main,push,completed,success,1,2026-02-02 12:00:00,2026-02-02 12:02:11.091190085,131.1,normal,normal
126,ci,main,push,completed,success,1,2026-01-21 20:00:00,2026-01-21 20:01:37.462448159,97.5,normal,normal
147,ci,main,push,completed,success,1,2026-01-25 08:00:00,2026-01-25 08:01:46.684565164,106.7,normal,normal
372,ci,main,push,completed,success,1,2026-03-03 20:00:00,2026-03-03 20:02:21.917683001,141.9,normal,normal
87,ci,main,push,completed,success,1,2026-01-15 08:00:00,2026-01-15 08:02:16.589900549,136.6,normal,normal
337,ci,main,push,completed,success,1,2026-02-26 00:00:00,2026-02-26 00:01:47.599424296,107.6,normal,normal
341,ci,main,push,completed,success,1,2026-02-26 16:00:00,2026-02-26 16:01:45.545423334,105.5,normal,normal
338,ci,main,push,completed,success,1,2026-02-26 04:00:00,2026-02-26 04:01:48.263754991,108.3,normal,normal
355,ci,main,push,completed,success,1,2026-03-01 00:00:00,2026-03-01 00:02:09.712270361,129.7,normal,normal
335,ci,main,push,completed,success,1,2026-02-25 16:00:00,2026-02-25 16:02:14.280804797,134.3,normal,normal
303,ci,main,push,completed,success,1,2026-02-20 08:00:00,2026-02-20 08:01:46.463653578,106.5,normal,normal
184,ci,main,push,completed,success,1,2026-01-31 12:00:00,2026-01-31 12:01:58.693587434,118.7,normal,normal
204,ci,main,push,completed,success,1,2026-02-03 20:00:00,2026-02-03 20:02:03.930537181,123.9,normal,normal
284,ci,main,push,completed,success,1,2026-02-17 04:00:00,2026-02-17 04:02:09.228851505,129.2,normal,normal
212,ci,main,push,completed,success,1,2026-02-05 04:00:00,2026-02-05 04:01:23.851170513,83.9,normal,normal
283,ci,main,push,completed,success,1,2026-02-17 00:00:00,2026-02-17 00:01:57.869951784,117.9,normal,normal
130,ci,main,push,completed,success,1,2026-01-22 12:00:00,2026-01-22 12:02:06.523264072,126.5,normal,normal
39,ci,main,push,completed,success,1,2026-01-07 08:00:00,2026-01-07 08:02:01.381899877,121.4,normal,normal
12,ci,main,push,completed,success,2,2026-01-02 20:00:00,2026-01-02 20:02:10.229025833,130.2,anomaly,flaky
326,ci,main,push,completed,success,1,2026-02-24 04:00:00,2026-02-24 04:01:52.180156220,112.2,normal,normal
186,ci,main,push,completed,success,1,2026-01-31 20:00:00,2026-01-31 20:01:48.697086295,108.7,normal,normal
223,ci,main,push,completed,success,1,2026-02-07 00:00:00,2026-02-07 00:01:41.664385312,101.7,normal,normal
113,ci,main,push,completed,success,1,2026-01-19 16:00:00,2026-01-19 16:02:16.279305067,136.3,normal,normal
180,ci,main,push,completed,success,1,2026-01-30 20:00:00,2026-01-30 20:02:05.775569065,125.8,normal,normal
328,ci,main,push,completed,success,1,2026-02-24 12:00:00,2026-02-24 12:01:52.813452436,112.8,normal,normal
300,ci,main,push,completed,success,1,2026-02-19 20:00:00,2026-02-19 20:01:55.143124436,115.1,normal,normal
118,ci,main,push,completed,success,1,2026-01-20 12:00:00,2026-01-20 12:02:14.033206882,134.0,normal,normal
369,ci,main,push,completed,success,1,2026-03-03 08:00:00,2026-03-03 08:01:25.788932319,85.8,normal,normal
278,ci,main,push,completed,success,1,2026-02-16 04:00:00,2026-02-16 04:01:37.583915703,97.6,normal,normal
385,ci,main,push,completed,success,1,2026-03-06 00:00:00,2026-03-06 00:02:11.666510836,131.7,normal,normal
288,ci,main,push,completed,success,1,2026-02-17 20:00:00,2026-02-17 20:02:27.717375194,147.7,normal,normal
363,ci,main,push,completed,success,1,2026-03-02 08:00:00,2026-03-02 08:01:36.547830782,96.5,normal,normal
165,ci,main,push,completed,success,1,2026-01-28 08:00:00,2026-01-28 08:01:24.086095426,84.1,normal,normal
254,ci,main,push,completed,success,1,2026-02-12 04:00:00,2026-02-12 04:02:03.624667825,123.6,normal,normal
137,ci,main,push,completed,success,1,2026-01-23 16:00:00,2026-01-23 16:09:12.134010448,552.1,anomaly,infra_spike
155,ci,main,push,completed,success,1,2026-01-26 16:00:00,2026-01-26 16:02:23.470770325,143.5,normal,normal
200,ci,main,push,completed,success,1,2026-02-03 04:00:00,2026-02-03 04:02:02.819603812,122.8,normal,normal
198,ci,main,push,completed,success,1,2026-02-02 20:00:00,2026-02-02 20:01:50.206257830,110.2,normal,normal
393,ci,main,push,completed,success,1,2026-03-07 08:00:00,2026-03-07 08:01:44.690654707,104.7,normal,normal
3,ci,main,push,completed,success,1,2026-01-01 08:00:00,2026-01-01 08:02:04.144112690,124.1,normal,normal
205,ci,main,push,completed,success,1,2026-02-04 00:00:00,2026-02-04 00:01:46.504578203,106.5,normal,normal
116,ci,main,push,completed,success,1,2026-01-20 04:00:00,2026-01-20 04:02:06.809483690,126.8,normal,normal
235,ci,main,push,completed,success,2,2026-02-09 00:00:00,2026-02-09 00:02:34.993305341,155.0,anomaly,flaky
238,ci,main,push,completed,success,1,2026-02-09 12:00:00,2026-02-09 12:01:51.336916690,111.3,normal,normal
27,ci,main,push,completed,success,1,2026-01-05 08:00:00,2026-01-05 08:01:40.552915079,100.6,normal,normal
121,ci,main,push,completed,success,1,2026-01-21 00:00:00,2026-01-21 00:01:30.137820073,90.1,normal,normal
358,ci,main,push,completed,success,1,2026-03-01 12:00:00,2026-03-01 12:01:44.473828289,104.5,normal,normal
225,ci,main,push,completed,success,1,2026-02-07 08:00:00,2026-02-07 08:02:03.735541835,123.7,normal,normal
361,ci,main,push,completed,success,2,2026-03-02 00:00:00,2026-03-02 00:01:44.403180847,104.4,anomaly,flaky
379,ci,main,push,completed,success,1,2026-03-05 00:00:00,2026-03-05 00:02:00.874114964,120.9,normal,normal
351,ci,main,push,completed,success,1,2026-02-28 08:00:00,2026-02-28 08:01:45.360617758,105.4,normal,normal
380,ci,main,push,completed,success,1,2026-03-05 04:00:00,2026-03-05 04:02:08.231082283,128.2,normal,normal
128,ci,main,push,completed,success,1,2026-01-22 04:00:00,2026-01-22 04:01:51.847567381,111.8,normal,normal
75,ci,main,push,completed,success,1,2026-01-13 08:00:00,2026-01-13 08:02:16.143602362,136.1,normal,normal
323,ci,main,push,completed,success,1,2026-02-23 16:00:00,2026-02-23 16:02:12.251638008,132.3,normal,normal
30,ci,main,push,completed,success,1,2026-01-05 20:00:00,2026-01-05 20:01:49.826033398,109.8,normal,normal
84,ci,main,push,completed,success,1,2026-01-14 20:00:00,2026-01-14 20:01:53.119870726,113.1,normal,normal
390,ci,main,push,completed,success,1,2026-03-06 20:00:00,2026-03-06 20:01:26.290971670,86.3,normal,normal
108,ci,main,push,completed,success,1,2026-01-18 20:00:00,2026-01-18 20:01:48.307764049,108.3,normal,normal
250,ci,main,push,completed,success,1,2026-02-11 12:00:00,2026-02-11 12:02:06.694832213,126.7,normal,normal
297,ci,main,push,completed,failure,1,2026-02-19 08:00:00,2026-02-19 08:08:44.406338788,524.4,anomaly,infra_spike
134,ci,main,push,completed,success,1,2026-01-23 04:00:00,2026-01-23 04:01:36.585624705,96.6,normal,normal
245,ci,main,push,completed,success,1,2026-02-10 16:00:00,2026-02-10 16:01:34.716040239,94.7,normal,normal
185,ci,main,push,completed,success,1,2026-01-31 16:00:00,2026-01-31 16:01:55.393751725,115.4,normal,normal
291,ci,main,push,completed,success,1,2026-02-18 08:00:00,2026-02-18 08:01:43.443889533,103.4,normal,normal
45,ci,main,push,completed,success,1,2026-01-08 08:00:00,2026-01-08 08:02:12.053775291,132.1,normal,normal
368,ci,main,push,completed,success,1,2026-03-03 04:00:00,2026-03-03 04:02:16.920282860,136.9,normal,normal
66,ci,main,push,completed,success,1,2026-01-11 20:00:00,2026-01-11 20:01:55.027677419,115.0,normal,normal
86,ci,main,push,completed,success,1,2026-01-15 04:00:00,2026-01-15 04:02:29.058467436,149.1,normal,normal
243,ci,main,push,completed,success,1,2026-02-10 08:00:00,2026-02-10 08:02:11.443897235,131.4,normal,normal
187,ci,main,push,completed,success,1,2026-02-01 00:00:00,2026-02-01 00:01:44.516059940,104.5,normal,normal
160,ci,main,push,completed,success,1,2026-01-27 12:00:00,2026-01-27 12:01:36.513613917,96.5,normal,normal
13,ci,main,push,completed,success,1,2026-01-03 00:00:00,2026-01-03 00:02:11.401996281,131.4,normal,normal
36,ci,main,push,completed,success,1,2026-01-06 20:00:00,2026-01-06 20:02:19.915291984,139.9,normal,normal
29,ci,main,push,completed,success,1,2026-01-05 16:00:00,2026-01-05 16:01:24.995758202,85.0,normal,normal
171,ci,main,push,completed,success,1,2026-01-29 08:00:00,2026-01-29 08:01:57.311600618,117.3,normal,normal
143,ci,main,push,completed,success,2,2026-01-24 16:00:00,2026-01-24 16:02:45.703368041,165.7,anomaly,flaky
319,ci,main,push,completed,success,1,2026-02-23 00:00:00,2026-02-23 00:02:05.815547119,125.8,normal,normal
273,ci,main,push,completed,success,1,2026-02-15 08:00:00,2026-02-15 08:01:55.706655752,115.7,normal,normal
222,ci,main,push,completed,success,1,2026-02-06 20:00:00,2026-02-06 20:02:24.166742227,144.2,normal,normal
96,ci,main,push,completed,success,1,2026-01-16 20:00:00,2026-01-16 20:01:42.870926608,102.9,normal,normal
52,ci,main,push,completed,success,1,2026-01-09 12:00:00,2026-01-09 12:01:32.536412612,92.5,normal,normal
241,ci,main,push,completed,success,1,2026-02-10 00:00:00,2026-02-10 00:01:50.450770753,110.5,normal,normal
299,ci,main,push,completed,success,1,2026-02-19 16:00:00,2026-02-19 16:02:18.187782552,138.2,normal,normal
305,ci,main,push,completed,success,1,2026-02-20 16:00:00,2026-02-20 16:01:58.776183455,118.8,normal,normal
179,ci,main,push,completed,success,1,2026-01-30 16:00:00,2026-01-30 16:02:09.939989556,129.9,normal,normal
42,ci,main,push,completed,success,1,2026-01-07 20:00:00,2026-01-07 20:01:37.791952312,97.8,normal,normal
311,ci,main,push,completed,success,1,2026-02-21 16:00:00,2026-02-21 16:02:11.772660549,131.8,normal,normal
207,ci,main,push,completed,success,1,2026-02-04 08:00:00,2026-02-04 08:01:38.177662721,98.2,normal,normal
255,ci,main,push,completed,success,1,2026-02-12 08:00:00,2026-02-12 08:01:50.790347979,110.8,normal,normal
332,ci,main,push,completed,success,1,2026-02-25 04:00:00,2026-02-25 04:01:53.628394083,113.6,normal,normal
5,ci,main,push,completed,success,1,2026-01-01 16:00:00,2026-01-01 16:01:25.348448451,85.3,normal,normal
257,ci,main,push,completed,success,1,2026-02-12 16:00:00,2026-02-12 16:01:53.390213676,113.4,normal,normal
359,ci,main,push,completed,success,1,2026-03-01 16:00:00,2026-03-01 16:01:59.818730238,119.8,normal,normal
101,ci,main,push,completed,failure,2,2026-01-17 16:00:00,2026-01-17 16:02:04.014705922,124.0,anomaly,flaky
227,ci,main,push,completed,success,1,2026-02-07 16:00:00,2026-02-07 16:02:27.319482762,147.3,normal,normal
342,ci,main,push,completed,failure,1,2026-02-26 20:00:00,2026-02-26 20:08:25.790087441,505.8,anomaly,infra_spike
214,ci,main,push,completed,success,1,2026-02-05 12:00:00,2026-02-05 12:01:55.593316198,115.6,normal,normal
172,ci,main,push,completed,success,1,2026-01-29 12:00:00,2026-01-29 12:01:56.199336466,116.2,normal,normal
99,ci,main,push,completed,success,1,2026-01-17 08:00:00,2026-01-17 08:02:03.346196139,123.3,normal,normal
216,ci,main,push,completed,success,1,2026-02-05 20:00:00,2026-02-05 20:02:10.715947239,130.7,normal,normal
62,ci,main,push,completed,success,1,2026-01-11 04:00:00,2026-01-11 04:02:19.809924833,139.8,normal,normal
48,ci,main,push,completed,success,1,2026-01-08 20:00:00,2026-01-08 20:02:05.892412024,125.9,normal,normal
33,ci,main,push,completed,success,1,2026-01-06 08:00:00,2026-01-06 08:01:55.726739004,115.7,normal,normal
268,ci,main,push,completed,success,1,2026-02-14 12:00:00,2026-02-14 12:02:24.164054925,144.2,normal,normal
201,ci,main,push,completed,success,1,2026-02-03 08:00:00,2026-02-03 08:01:38.278091109,98.3,normal,normal
357,ci,main,push,completed,success,1,2026-03-01 08:00:00,2026-03-01 08:02:10.524954720,130.5,normal,normal
28,ci,main,push,completed,success,1,2026-01-05 12:00:00,2026-01-05 12:01:37.767219038,97.8,normal,normal
313,ci,main,push,completed,success,1,2026-02-22 00:00:00,2026-02-22 00:01:49.291877639,109.3,normal,normal
231,ci,main,push,completed,success,1,2026-02-08 08:00:00,2026-02-08 08:01:52.191173807,112.2,normal,normal
261,ci,main,push,completed,success,1,2026-02-13 08:00:00,2026-02-13 08:02:07.067044401,127.1,normal,normal
289,ci,main,push,completed,success,1,2026-02-18 00:00:00,2026-02-18 00:01:57.387408993,117.4,normal,normal
163,ci,main,push,completed,success,1,2026-01-28 00:00:00,2026-01-28 00:01:51.918430236,111.9,normal,normal
371,ci,main,push,completed,success,1,2026-03-03 16:00:00,2026-03-03 16:01:46.156703372,106.2,normal,normal
139,ci,main,push,completed,success,1,2026-01-24 00:00:00,2026-01-24 00:02:11.862091825,131.9,normal,normal
63,ci,main,push,completed,success,1,2026-01-11 08:00:00,2026-01-11 08:01:54.858207737,114.9,normal,normal
136,ci,main,push,completed,success,1,2026-01-23 12:00:00,2026-01-23 12:02:01.492162095,121.5,normal,normal
129,ci,main,push,completed,success,1,2026-01-22 08:00:00,2026-01-22 08:02:36.306225184,156.3,normal,normal
9,ci,main,push,completed,success,1,2026-01-02 08:00:00,2026-01-02 08:02:06.890786576,126.9,normal,normal
65,ci,main,push,completed,success,1,2026-01-11 16:00:00,2026-01-11 16:02:16.008336249,136.0,normal,normal
301,ci,main,push,completed,success,1,2026-02-20 00:00:00,2026-02-20 00:01:34.620560262,94.6,normal,normal
15,ci,main,push,completed,success,1,2026-01-03 08:00:00,2026-01-03 08:02:07.950970584,128.0,normal,normal
157,ci,main,push,completed,success,1,2026-01-27 00:00:00,2026-01-27 00:01:45.883168561,105.9,normal,normal
41,ci,main,push,completed,success,1,2026-01-07 16:00:00,2026-01-07 16:01:51.083994717,111.1,normal,normal
367,ci,main,push,completed,success,1,2026-03-03 00:00:00,2026-03-03 00:01:58.557315946,118.6,normal,normal
324,ci,main,push,completed,success,1,2026-02-23 20:00:00,2026-02-23 20:02:09.376278019,129.4,normal,normal
217,ci,main,push,completed,success,1,2026-02-06 00:00:00,2026-02-06 00:02:29.959447961,150.0,normal,normal
280,ci,main,push,completed,success,1,2026-02-16 12:00:00,2026-02-16 12:02:30.790274729,150.8,normal,normal
347,ci,main,push,completed,success,2,2026-02-27 16:00:00,2026-02-27 16:01:58.876160823,118.9,anomaly,flaky
237,ci,main,push,completed,success,1,2026-02-09 08:00:00,2026-02-09 08:02:07.731156044,127.7,normal,normal
208,ci,main,push,completed,success,1,2026-02-04 12:00:00,2026-02-04 12:02:20.042791500,140.0,normal,normal
213,ci,main,push,completed,success,1,2026-02-05 08:00:00,2026-02-05 08:01:42.654785096,102.7,normal,normal
296,ci,main,push,completed,success,2,2026-02-19 04:00:00,2026-02-19 04:02:22.738125667,142.7,anomaly,flaky
365,ci,main,push,completed,success,1,2026-03-02 16:00:00,2026-03-02 16:01:54.735714267,114.7,normal,normal
252,ci,main,push,completed,success,1,2026-02-11 20:00:00,2026-02-11 20:01:40.760480246,100.8,normal,normal
391,ci,main,push,completed,success,1,2026-03-07 00:00:00,2026-03-07 00:02:15.026180965,135.0,normal,normal
366,ci,main,push,completed,success,1,2026-03-02 20:00:00,2026-03-02 20:01:44.665795775,104.7,normal,normal
304,ci,main,push,completed,success,1,2026-02-20 12:00:00,2026-02-20 12:01:54.864885920,114.9,normal,normal
270,ci,main,push,completed,success,1,2026-02-14 20:00:00,2026-02-14 20:01:53.920961018,113.9,normal,normal
202,ci,main,push,completed,failure,1,2026-02-03 12:00:00,2026-02-03 12:09:29.687513192,569.7,anomaly,infra_spike
162,ci,main,push,completed,success,2,2026-01-27 20:00:00,2026-01-27 20:02:32.720973671,152.7,anomaly,flaky
44,ci,main,push,completed,success,1,2026-01-08 04:00:00,2026-01-08 04:01:54.629749679,114.6,normal,normal
218,ci,main,push,completed,success,1,2026-02-06 04:00:00,2026-02-06 04:01:42.350779209,102.4,normal,normal
191,ci,main,push,completed,success,2,2026-02-01 16:00:00,2026-02-01 16:02:27.100386486,147.1,anomaly,flaky
310,ci,main,push,completed,success,1,2026-02-21 12:00:00,2026-02-21 12:01:21.528834873,81.5,normal,normal
260,ci,main,push,completed,success,1,2026-02-13 04:00:00,2026-02-13 04:01:50.705010988,110.7,normal,normal
106,ci,main,push,completed,success,1,2026-01-18 12:00:00,2026-01-18 12:01:59.148252084,119.1,normal,normal
54,ci,main,push,completed,success,1,2026-01-09 20:00:00,2026-01-09 20:01:50.924989308,110.9,normal,normal
2,ci,main,push,completed,success,1,2026-01-01 04:00:00,2026-01-01 04:02:07.862817642,127.9,normal,normal
50,ci,main,push,completed,success,1,2026-01-09 04:00:00,2026-01-09 04:02:07.120456327,127.1,normal,normal
81,ci,main,push,completed,success,1,2026-01-14 08:00:00,2026-01-14 08:01:36.156487600,96.2,normal,normal
206,ci,main,push,completed,success,1,2026-02-04 04:00:00,2026-02-04 04:02:02.847650893,122.8,normal,normal
35,ci,main,push,completed,success,1,2026-01-06 16:00:00,2026-01-06 16:02:16.338262451,136.3,normal,normal
264,ci,main,push,completed,success,1,2026-02-13 20:00:00,2026-02-13 20:02:20.439639597,140.4,normal,normal
92,ci,main,push,completed,success,1,2026-01-16 04:00:00,2026-01-16 04:02:02.779884741,122.8,normal,normal
340,ci,main,push,completed,success,2,2026-02-26 12:00:00,2026-02-26 12:02:11.672421548,131.7,anomaly,flaky
53,ci,main,push,completed,success,1,2026-01-09 16:00:00,2026-01-09 16:02:13.924454874,133.9,normal,normal
346,ci,main,push,completed,success,1,2026-02-27 12:00:00,2026-02-27 12:01:56.324090232,116.3,normal,normal
265,ci,main,push,completed,failure,2,2026-02-14 00:00:00,2026-02-14 00:02:22.707422857,142.7,anomaly,flaky
242,ci,main,push,completed,success,1,2026-02-10 04:00:00,2026-02-10 04:02:08.116974162,128.1,normal,normal
14,ci,main,push,completed,success,1,2026-01-03 04:00:00,2026-01-03 04:02:03.438170612,123.4,normal,normal
316,ci,main,push,completed,success,1,2026-02-22 12:00:00,2026-02-22 12:02:05.240259338,125.2,normal,normal
89,ci,main,push,completed,success,1,2026-01-15 16:00:00,2026-01-15 16:02:05.215626787,125.2,normal,normal
274,ci,main,push,completed,success,1,2026-02-15 12:00:00,2026-02-15 12:01:57.151142385,117.2,normal,normal
167,ci,main,push,completed,success,1,2026-01-28 16:00:00,2026-01-28 16:01:34.702977731,94.7,normal,normal
329,ci,main,push,completed,success,1,2026-02-24 16:00:00,2026-02-24 16:02:11.862025818,131.9,normal,normal
394,ci,main,push,completed,success,1,2026-03-07 12:00:00,2026-03-07 12:01:32.102468902,92.1,normal,normal
135,ci,main,push,completed,success,1,2026-01-23 08:00:00,2026-01-23 08:01:55.540149560,115.5,normal,normal
307,ci,main,push,completed,success,1,2026-02-21 00:00:00,2026-02-21 00:01:35.765124910,95.8,normal,normal
384,ci,main,push,completed,success,1,2026-03-05 20:00:00,2026-03-05 20:02:02.371786274,122.4,normal,normal
320,ci,main,push,completed,failure,3,2026-02-23 04:00:00,2026-02-23 04:02:16.815828160,136.8,anomaly,flaky
244,ci,main,push,completed,success,1,2026-02-10 12:00:00,2026-02-10 12:02:06.721490459,126.7,normal,normal
55,ci,main,push,completed,success,1,2026-01-10 00:00:00,2026-01-10 00:01:51.991496424,112.0,normal,normal
51,ci,main,push,completed,success,1,2026-01-09 08:00:00,2026-01-09 08:01:58.033700240,118.0,normal,normal
175,ci,main,push,completed,success,1,2026-01-30 00:00:00,2026-01-30 00:02:03.050823609,123.1,normal,normal
190,ci,main,push,completed,success,1,2026-02-01 12:00:00,2026-02-01 12:01:58.939794275,118.9,normal,normal
398,ci,main,push,completed,success,1,2026-03-08 04:00:00,2026-03-08 04:02:07.744463582,127.7,normal,normal
188,ci,main,push,completed,success,1,2026-02-01 04:00:00,2026-02-01 04:01:41.332923186,101.3,normal,normal
170,ci,main,push,completed,failure,1,2026-01-29 04:00:00,2026-01-29 04:10:32.584679222,632.6,anomaly,infra_spike
59,ci,main,push,completed,success,1,2026-01-10 16:00:00,2026-01-10 16:01:57.161334886,117.2,normal,normal
49,ci,main,push,completed,success,1,2026-01-09 00:00:00,2026-01-09 00:01:44.391840913,104.4,normal,normal
345,ci,main,push,completed,success,1,2026-02-27 08:00:00,2026-02-27 08:02:16.694488375,136.7,normal,normal
236,ci,main,push,completed,success,1,2026-02-09 04:00:00,2026-02-09 04:01:33.375569105,93.4,normal,normal
253,ci,main,push,completed,success,1,2026-02-12 00:00:00,2026-02-12 00:02:10.707302047,130.7,normal,normal
22,ci,main,push,completed,success,1,2026-01-04 12:00:00,2026-01-04 12:01:56.012418121,116.0,normal,normal
314,ci,main,push,completed,success,1,2026-02-22 04:00:00,2026-02-22 04:01:40.247546834,100.2,normal,normal
161,ci,main,push,completed,success,1,2026-01-27 16:00:00,2026-01-27 16:02:09.562063540,129.6,normal,normal
277,ci,main,push,completed,success,1,2026-02-16 00:00:00,2026-02-16 00:02:07.867610629,127.9,normal,normal
192,ci,main,push,completed,success,1,2026-02-01 20:00:00,2026-02-01 20:02:05.014426927,125.0,normal,normal
294,ci,main,push,completed,success,1,2026-02-18 20:00:00,2026-02-18 20:02:04.791003957,124.8,normal,normal
344,ci,main,push,completed,success,1,2026-02-27 04:00:00,2026-02-27 04:01:56.983430182,117.0,normal,normal
258,ci,main,push,completed,success,1,2026-02-12 20:00:00,2026-02-12 20:02:00.481615110,120.5,normal,normal
309,ci,main,push,completed,success,1,2026-02-21 08:00:00,2026-02-21 08:01:52.159219557,112.2,normal,normal
150,ci,main,push,completed,success,1,2026-01-25 20:00:00,2026-01-25 20:02:21.057320881,141.1,normal,normal
131,ci,main,push,completed,success,1,2026-01-22 16:00:00,2026-01-22 16:01:51.606415709,111.6,normal,normal
152,ci,main,push,completed,success,1,2026-01-26 04:00:00,2026-01-26 04:02:21.825683644,141.8,normal,normal
360,ci,main,push,completed,success,1,2026-03-01 20:00:00,2026-03-01 20:01:56.839649785,116.8,normal,normal
100,ci,main,push,completed,failure,1,2026-01-17 12:00:00,2026-01-17 12:09:40.165701520,580.2,anomaly,infra_spike
373,ci,main,push,completed,success,1,2026-03-04 00:00:00,2026-03-04 00:02:04.238804744,124.2,normal,normal
88,ci,main,push,completed,success,1,2026-01-15 12:00:00,2026-01-15 12:01:45.568633255,105.6,normal,normal
331,ci,main,push,completed,success,1,2026-02-25 00:00:00,2026-02-25 00:01:53.117392603,113.1,normal,normal
215,ci,main,push,completed,success,1,2026-02-05 16:00:00,2026-02-05 16:01:43.918004679,103.9,normal,normal
122,ci,main,push,completed,success,1,2026-01-21 04:00:00,2026-01-21 04:01:37.574087547,97.6,normal,normal
400,ci,main,push,completed,success,1,2026-03-08 12:00:00,2026-03-08 12:01:46.603040676,106.6,normal,normal
21,ci,main,push,completed,success,1,2026-01-04 08:00:00,2026-01-04 08:02:07.817508836,127.8,normal,normal
189,ci,main,push,completed,success,1,2026-02-01 08:00:00,2026-02-01 08:01:46.668040302,106.7,normal,normal
72,ci,main,push,completed,success,1,2026-01-12 20:00:00,2026-01-12 20:02:31.154707936,151.2,normal,normal
107,ci,main,push,completed,success,1,2026-01-18 16:00:00,2026-01-18 16:01:57.443886283,117.4,normal,normal
271,ci,main,push,completed,success,1,2026-02-15 00:00:00,2026-02-15 00:01:30.947429391,90.9,normal,normal
349,ci,main,push,completed,success,1,2026-02-28 00:00:00,2026-02-28 00:01:59.145681882,119.1,normal,normal
103,ci,main,push,completed,success,1,2026-01-18 00:00:00,2026-01-18 00:02:01.372802673,121.4,normal,normal
